Title,Desired Keywords
MARF: User-Item Mutual Aware Representation withï¿½Feedback | SpringerLink,"Click-through rate prediction, Deep learning, Cross domain recommendation"
Bridging Static Site Generation withï¿½theï¿½Dynamic Web | SpringerLink,"Static site generation, JSON, Software architecture"
Bridging Static Site Generation withï¿½theï¿½Dynamic Web | SpringerLink,"Static site generation, JSON, Software architecture"
Bridging Static Site Generation with the Dynamic Web | SpringerLink,"Static site generation, JSON, Software architecture"
Bridging Static Site Generation with the Dynamic Web | SpringerLink,"Static site generation, JSON, Software architecture"
Bridging Static Site Generation with the Dynamic Web | SpringerLink,"Static site generation, JSON, Software architecture"
Bridging Static Site Generation with the Dynamic Web | SpringerLink,"Static site generation, JSON, Software architecture"
Bridging Static Site Generation with the Dynamic Web | SpringerLink,"Static site generation, JSON, Software architecture"
Bridging Static Site Generation with the Dynamic Web | SpringerLink,"Static site generation, JSON, Software architecture"
Bridging Static Site Generation with the Dynamic Web | SpringerLink,"Static site generation, JSON, Software architecture"
Bridging Static Site Generation with the Dynamic Web | SpringerLink,"Static site generation, JSON, Software architecture"
Bridging Static Site Generation with the Dynamic Web | SpringerLink,"Static site generation, JSON, Software architecture"
Bridging Static Site Generation with the Dynamic Web | SpringerLink,"Static site generation, JSON, Software architecture"
Bridging Static Site Generation with the Dynamic Web | SpringerLink,"Static site generation, JSON, Software architecture"
Bridging Static Site Generation with the Dynamic Web | SpringerLink,"Static site generation, JSON, Software architecture"
Bridging Static Site Generation with the Dynamic Web | SpringerLink,"Static site generation, JSON, Software architecture"
Bridging Static Site Generation with the Dynamic Web | SpringerLink,"Static site generation, JSON, Software architecture"
Bridging Static Site Generation with the Dynamic Web | SpringerLink,"Static site generation, JSON, Software architecture"
Bridging Static Site Generation with the Dynamic Web | SpringerLink,"Static site generation, JSON, Software architecture"
Bridging Static Site Generation with the Dynamic Web | SpringerLink,"Static site generation, JSON, Software architecture"
Bridging Static Site Generation with the Dynamic Web | SpringerLink,"Static site generation, JSON, Software architecture"
Bridging Static Site Generation with the Dynamic Web | SpringerLink,"Static site generation, JSON, Software architecture"
Bridging Static Site Generation with the Dynamic Web | SpringerLink,"Static site generation, JSON, Software architecture"
Bridging Static Site Generation with the Dynamic Web | SpringerLink,"Static site generation, JSON, Software architecture"
Bridging Static Site Generation with the Dynamic Web | SpringerLink,"Static site generation, JSON, Software architecture"
